{"cameraMode":{"drawMode":0,"name":"Shaded","section":"Shading Mode"},"sceneLighting":true,"audioPlay":false,"sceneViewState":{"m_AlwaysRefresh":false,"showFog":true,"showSkybox":true,"showFlares":true,"showImageEffects":true,"showParticleSystems":true,"showVisualEffectGraphs":true,"m_FxEnabled":true},"in2DMode":false,"pivot":{"x":2.0821361541748049,"y":4.689970970153809,"z":4.830009460449219},"rotation":{"x":-0.26962411403656008,"y":-0.06450625509023667,"z":0.018647363409399987,"w":-0.960849404335022},"size":0.24273212254047395,"orthographic":false}